timestamp,protocol,resolver,warm_or_cold,trial,query_name,latency,response_bytes,success,notes
2025-12-11 23:03:32.236930-05:00,UDP,cloudflare,cold,0,example.com,202.23537500000006,125,True,
2025-12-11 23:03:32.252195-05:00,UDP,cloudflare,cold,1,example.com,14.49441600000001,125,True,
2025-12-11 23:03:32.267140-05:00,UDP,cloudflare,cold,2,example.com,14.290750000000019,125,True,
2025-12-11 23:03:32.282786-05:00,UDP,cloudflare,cold,3,example.com,14.923124999999926,125,True,
2025-12-11 23:03:32.300451-05:00,UDP,cloudflare,cold,4,example.com,16.944583000000012,125,True,
2025-12-11 23:03:32.345274-05:00,UDP,cloudflare,cold,5,example.com,43.60108399999996,125,True,
2025-12-11 23:03:32.363534-05:00,UDP,cloudflare,cold,6,example.com,17.377792000000003,125,True,
2025-12-11 23:03:32.379908-05:00,UDP,cloudflare,cold,7,example.com,15.285125000000011,125,True,
2025-12-11 23:03:32.396238-05:00,UDP,cloudflare,cold,8,example.com,15.501250000000022,125,True,
2025-12-11 23:03:32.412389-05:00,UDP,cloudflare,cold,9,example.com,15.305541000000034,125,True,
2025-12-11 23:03:32.427381-05:00,UDP,cloudflare,cold,10,example.com,14.163959000000004,125,True,
2025-12-11 23:03:32.445966-05:00,UDP,cloudflare,cold,11,example.com,17.795332999999914,125,True,
2025-12-11 23:03:32.463268-05:00,UDP,cloudflare,cold,12,example.com,16.501832999999966,125,True,
2025-12-11 23:03:32.480547-05:00,UDP,cloudflare,cold,13,example.com,16.472000000000044,125,True,
2025-12-11 23:03:32.496818-05:00,UDP,cloudflare,cold,14,example.com,15.531833999999911,125,True,
2025-12-11 23:03:32.562587-05:00,UDP,cloudflare,cold,15,example.com,64.81866600000008,125,True,
2025-12-11 23:03:32.725009-05:00,UDP,cloudflare,cold,16,example.com,161.74429099999998,125,True,
2025-12-11 23:03:32.738669-05:00,UDP,cloudflare,cold,17,example.com,13.335791999999902,125,True,
2025-12-11 23:03:32.752514-05:00,UDP,cloudflare,cold,18,example.com,13.524917000000025,125,True,
2025-12-11 23:03:32.798233-05:00,UDP,cloudflare,cold,19,example.com,45.26008399999992,125,True,
2025-12-11 23:03:32.813680-05:00,UDP,cloudflare,cold,20,example.com,14.845500000000067,125,True,
2025-12-11 23:03:32.829927-05:00,UDP,cloudflare,cold,21,example.com,15.529332999999923,125,True,
2025-12-11 23:03:32.846472-05:00,UDP,cloudflare,cold,22,example.com,15.809667000000083,125,True,
2025-12-11 23:03:32.864132-05:00,UDP,cloudflare,cold,23,example.com,16.904625000000006,125,True,
2025-12-11 23:03:32.880878-05:00,UDP,cloudflare,cold,24,example.com,15.952666000000004,125,True,
2025-12-11 23:03:32.897086-05:00,UDP,cloudflare,cold,25,example.com,15.460666999999928,125,True,
2025-12-11 23:03:32.936436-05:00,UDP,cloudflare,cold,26,example.com,38.31266700000002,125,True,
2025-12-11 23:03:32.953618-05:00,UDP,cloudflare,cold,27,example.com,15.895207999999883,125,True,
2025-12-11 23:03:32.969506-05:00,UDP,cloudflare,cold,28,example.com,14.875250000000007,125,True,
2025-12-11 23:03:32.987040-05:00,UDP,cloudflare,cold,29,example.com,16.427999999999887,125,True,
2025-12-11 23:03:33.002395-05:00,UDP,cloudflare,cold,30,example.com,14.515040999999895,125,True,
2025-12-11 23:03:33.069777-05:00,UDP,cloudflare,cold,31,example.com,66.37954199999996,125,True,
2025-12-11 23:03:33.086514-05:00,UDP,cloudflare,cold,32,example.com,15.740541999999857,125,True,
2025-12-11 23:03:33.101929-05:00,UDP,cloudflare,cold,33,example.com,14.614707999999865,125,True,
2025-12-11 23:03:33.123334-05:00,UDP,cloudflare,cold,34,example.com,20.457042000000094,125,True,
2025-12-11 23:03:33.140012-05:00,UDP,cloudflare,cold,35,example.com,15.934874999999904,125,True,
2025-12-11 23:03:33.157577-05:00,UDP,cloudflare,cold,36,example.com,16.920124999999953,125,True,
2025-12-11 23:03:33.262540-05:00,UDP,cloudflare,cold,37,example.com,104.03529200000006,125,True,
2025-12-11 23:03:33.279871-05:00,UDP,cloudflare,cold,38,example.com,16.502499999999863,125,True,
2025-12-11 23:03:33.294646-05:00,UDP,cloudflare,cold,39,example.com,14.069874999999898,125,True,
2025-12-11 23:03:33.314467-05:00,UDP,cloudflare,cold,40,example.com,19.04804099999979,125,True,
2025-12-11 23:03:33.330491-05:00,UDP,cloudflare,cold,41,example.com,15.081457999999826,125,True,
2025-12-11 23:03:33.345455-05:00,UDP,cloudflare,cold,42,example.com,14.266000000000112,125,True,
2025-12-11 23:03:33.442749-05:00,UDP,cloudflare,cold,43,example.com,96.30991599999983,125,True,
2025-12-11 23:03:33.462970-05:00,UDP,cloudflare,cold,44,example.com,19.028167000000096,125,True,
2025-12-11 23:03:33.481730-05:00,UDP,cloudflare,cold,45,example.com,17.537792000000163,125,True,
2025-12-11 23:03:33.498014-05:00,UDP,cloudflare,cold,46,example.com,15.084915999999948,125,True,
2025-12-11 23:03:33.513828-05:00,UDP,cloudflare,cold,47,example.com,14.971499999999915,125,True,
2025-12-11 23:03:33.530972-05:00,UDP,cloudflare,cold,48,example.com,16.029999999999987,125,True,
2025-12-11 23:03:33.546681-05:00,UDP,cloudflare,cold,49,example.com,14.673125000000065,125,True,
2025-12-11 23:03:33.568129-05:00,UDP,cloudflare,warm,0,example.com,19.988458000000044,125,True,
2025-12-11 23:03:33.585823-05:00,UDP,cloudflare,warm,1,example.com,17.08387499999997,125,True,
2025-12-11 23:03:33.600268-05:00,UDP,cloudflare,warm,2,example.com,14.095541999999961,125,True,
2025-12-11 23:03:33.614260-05:00,UDP,cloudflare,warm,3,example.com,13.407332999999966,125,True,
2025-12-11 23:03:33.628794-05:00,UDP,cloudflare,warm,4,example.com,14.036874999999949,125,True,
2025-12-11 23:03:33.644551-05:00,UDP,cloudflare,warm,5,example.com,15.229833000000026,125,True,
2025-12-11 23:03:33.664940-05:00,UDP,cloudflare,warm,6,example.com,19.498124999999924,125,True,
2025-12-11 23:03:33.776479-05:00,UDP,cloudflare,warm,7,example.com,110.36566699999995,125,True,
2025-12-11 23:03:33.793843-05:00,UDP,cloudflare,warm,8,example.com,16.14591600000015,125,True,
2025-12-11 23:03:33.811630-05:00,UDP,cloudflare,warm,9,example.com,16.737000000000002,125,True,
2025-12-11 23:03:33.828223-05:00,UDP,cloudflare,warm,10,example.com,15.573332999999856,125,True,
2025-12-11 23:03:33.847751-05:00,UDP,cloudflare,warm,11,example.com,18.522499999999997,125,True,
2025-12-11 23:03:33.862815-05:00,UDP,cloudflare,warm,12,example.com,14.00870799999998,125,True,
2025-12-11 23:03:33.971295-05:00,UDP,cloudflare,warm,13,example.com,107.56162499999976,125,True,
2025-12-11 23:03:33.989106-05:00,UDP,cloudflare,warm,14,example.com,16.861249999999828,125,True,
2025-12-11 23:03:34.006813-05:00,UDP,cloudflare,warm,15,example.com,16.56158399999974,125,True,
2025-12-11 23:03:34.022955-05:00,UDP,cloudflare,warm,16,example.com,15.207875000000204,125,True,
2025-12-11 23:03:34.039777-05:00,UDP,cloudflare,warm,17,example.com,15.797582999999893,125,True,
2025-12-11 23:03:34.057495-05:00,UDP,cloudflare,warm,18,example.com,16.642666000000084,125,True,
2025-12-11 23:03:34.075008-05:00,UDP,cloudflare,warm,19,example.com,16.18354199999983,125,True,
2025-12-11 23:03:34.092173-05:00,UDP,cloudflare,warm,20,example.com,15.991416000000314,125,True,
2025-12-11 23:03:34.109745-05:00,UDP,cloudflare,warm,21,example.com,16.448833999999746,125,True,
2025-12-11 23:03:34.144551-05:00,UDP,cloudflare,warm,22,example.com,33.65216700000006,125,True,
2025-12-11 23:03:34.159191-05:00,UDP,cloudflare,warm,23,example.com,14.054959000000089,125,True,
2025-12-11 23:03:34.175514-05:00,UDP,cloudflare,warm,24,example.com,15.721207999999987,125,True,
2025-12-11 23:03:34.191649-05:00,UDP,cloudflare,warm,25,example.com,15.593416999999832,125,True,
2025-12-11 23:03:34.208595-05:00,UDP,cloudflare,warm,26,example.com,15.979000000000187,125,True,
2025-12-11 23:03:34.311320-05:00,UDP,cloudflare,warm,27,example.com,101.491416,125,True,
2025-12-11 23:03:34.327719-05:00,UDP,cloudflare,warm,28,example.com,15.16870800000003,125,True,
2025-12-11 23:03:34.343867-05:00,UDP,cloudflare,warm,29,example.com,14.884042000000264,125,True,
2025-12-11 23:03:34.360514-05:00,UDP,cloudflare,warm,30,example.com,15.531333000000203,125,True,
2025-12-11 23:03:34.379506-05:00,UDP,cloudflare,warm,31,example.com,17.71370800000005,125,True,
2025-12-11 23:03:34.396620-05:00,UDP,cloudflare,warm,32,example.com,15.8968749999997,125,True,
2025-12-11 23:03:34.496961-05:00,UDP,cloudflare,warm,33,example.com,98.84870799999979,125,True,
2025-12-11 23:03:34.513222-05:00,UDP,cloudflare,warm,34,example.com,14.722541000000255,125,True,
2025-12-11 23:03:34.528989-05:00,UDP,cloudflare,warm,35,example.com,14.743750000000055,125,True,
2025-12-11 23:03:34.546851-05:00,UDP,cloudflare,warm,36,example.com,16.732750000000074,125,True,
2025-12-11 23:03:34.562469-05:00,UDP,cloudflare,warm,37,example.com,14.571208000000002,125,True,
2025-12-11 23:03:34.579672-05:00,UDP,cloudflare,warm,38,example.com,16.104874999999907,125,True,
2025-12-11 23:03:34.595410-05:00,UDP,cloudflare,warm,39,example.com,14.677832999999918,125,True,
2025-12-11 23:03:34.612358-05:00,UDP,cloudflare,warm,40,example.com,15.533791999999824,125,True,
2025-12-11 23:03:34.629168-05:00,UDP,cloudflare,warm,41,example.com,15.75016699999976,125,True,
2025-12-11 23:03:34.647825-05:00,UDP,cloudflare,warm,42,example.com,17.19329199999997,125,True,
2025-12-11 23:03:34.664181-05:00,UDP,cloudflare,warm,43,example.com,15.111958999999953,125,True,
2025-12-11 23:03:34.681586-05:00,UDP,cloudflare,warm,44,example.com,16.307541000000203,125,True,
2025-12-11 23:03:34.698177-05:00,UDP,cloudflare,warm,45,example.com,15.31979200000011,125,True,
2025-12-11 23:03:34.715806-05:00,UDP,cloudflare,warm,46,example.com,16.175291000000147,125,True,
2025-12-11 23:03:34.732764-05:00,UDP,cloudflare,warm,47,example.com,15.58875000000004,125,True,
2025-12-11 23:03:34.837436-05:00,UDP,cloudflare,warm,48,example.com,103.25733300000017,125,True,
2025-12-11 23:03:34.853132-05:00,UDP,cloudflare,warm,49,example.com,14.44158299999998,125,True,
2025-12-11 23:03:34.870345-05:00,UDP,cloudflare,rw,0,zoom.us,15.673125000000176,41,True,
2025-12-11 23:03:34.894048-05:00,UDP,cloudflare,rw,1,nodejs.org,22.980958999999856,60,True,
2025-12-11 23:03:34.910404-05:00,UDP,cloudflare,rw,2,stackoverflow.com,16.028582999999763,51,True,
2025-12-11 23:03:34.923997-05:00,UDP,cloudflare,rw,3,oracle.com,13.261415999999748,44,True,
2025-12-11 23:03:35.028978-05:00,UDP,cloudflare,rw,4,reddit.com,104.2200000000002,92,True,
2025-12-11 23:03:35.046176-05:00,UDP,cloudflare,rw,5,golang.org,15.95312499999979,44,True,
2025-12-11 23:03:35.071796-05:00,UDP,cloudflare,rw,6,mit.edu,24.686541999999978,41,True,
2025-12-11 23:03:35.089376-05:00,UDP,cloudflare,rw,7,github.com,16.73104099999989,44,True,
2025-12-11 23:03:35.107185-05:00,UDP,cloudflare,rw,8,edf.fr,16.668208000000018,40,True,
2025-12-11 23:03:35.123888-05:00,UDP,cloudflare,rw,9,openai.com,15.638791999999846,60,True,
2025-12-11 23:03:35.139592-05:00,UDP,cloudflare,rw,10,yahoo.com,14.564540999999931,123,True,
2025-12-11 23:03:35.156955-05:00,UDP,cloudflare,rw,11,cnn.com,16.462625000000397,89,True,
2025-12-11 23:03:35.173908-05:00,UDP,cloudflare,rw,12,microsoft.com,15.985915999999989,63,True,
2025-12-11 23:03:35.192768-05:00,UDP,cloudflare,rw,13,salesforce.com,17.624875000000095,160,True,
2025-12-11 23:03:35.206358-05:00,UDP,cloudflare,rw,14,mozilla.org,12.64775000000018,45,True,
2025-12-11 23:03:35.236047-05:00,UDP,cloudflare,rw,15,utoronto.ca,28.648999999999702,45,True,
2025-12-11 23:03:35.347803-05:00,UDP,cloudflare,rw,16,abc.net.au,110.63520800000015,44,True,
2025-12-11 23:03:35.364978-05:00,UDP,cloudflare,rw,17,python.org,16.259082999999563,92,True,
2025-12-11 23:03:35.382477-05:00,UDP,cloudflare,rw,18,twitch.tv,16.548458000000377,91,True,
2025-12-11 23:03:35.402806-05:00,UDP,cloudflare,rw,19,theguardian.com,19.442124999999866,97,True,
2025-12-11 23:03:35.434362-05:00,UDP,cloudflare,rw,20,kakao.com,31.046832999999996,75,True,
2025-12-11 23:03:35.538160-05:00,UDP,cloudflare,rw,21,google.com,102.13566699999976,44,True,
2025-12-11 23:03:35.557157-05:00,UDP,cloudflare,rw,22,bbc.co.uk,18.738667000000042,91,True,
2025-12-11 23:03:35.576760-05:00,UDP,cloudflare,rw,23,netflix.com,19.388750000000066,77,True,
2025-12-11 23:03:35.601827-05:00,UDP,cloudflare,rw,24,sony.jp,24.865458000000284,73,True,
2025-12-11 23:03:35.709110-05:00,UDP,cloudflare,rw,25,naver.com,106.89745799999972,91,True,
2025-12-11 23:03:35.725785-05:00,UDP,cloudflare,rw,26,instagram.com,16.361458999999634,47,True,
2025-12-11 23:03:35.741524-05:00,UDP,cloudflare,rw,27,nytimes.com,15.365499999999699,93,True,
2025-12-11 23:03:35.756211-05:00,UDP,cloudflare,rw,28,amazon.com,14.395582999999768,76,True,
2025-12-11 23:03:35.769889-05:00,UDP,cloudflare,rw,29,ubuntu.com,13.333583000000537,76,True,
2025-12-11 23:03:35.873678-05:00,UDP,cloudflare,rw,30,espn.com,103.53358299999994,90,True,
2025-12-11 23:03:35.889162-05:00,UDP,cloudflare,rw,31,wikipedia.org,15.241875000000071,47,True,
2025-12-11 23:03:35.906818-05:00,UDP,cloudflare,rw,32,cloudflare.com,17.427583999999996,64,True,
2025-12-11 23:03:35.922074-05:00,UDP,cloudflare,rw,33,ox.ac.uk,15.012790999999304,90,True,
2025-12-11 23:03:35.936281-05:00,UDP,cloudflare,rw,34,gov.uk,13.957875000000008,88,True,
2025-12-11 23:03:35.949135-05:00,UDP,cloudflare,rw,35,cam.ac.uk,12.614499999999751,43,True,
2025-12-11 23:03:35.968814-05:00,UDP,cloudflare,rw,36,dropbox.com,19.47470799999973,45,True,
2025-12-11 23:03:36.061953-05:00,UDP,cloudflare,rw,37,harvard.edu,92.85937499999974,45,True,
2025-12-11 23:03:36.076472-05:00,UDP,cloudflare,rw,38,bing.com,14.27454199999989,58,True,
2025-12-11 23:03:36.089738-05:00,UDP,cloudflare,rw,39,youtube.com,13.041124999999987,45,True,
2025-12-11 23:03:36.109452-05:00,UDP,cloudflare,rw,40,quora.com,19.476333000000068,91,True,
2025-12-11 23:03:36.124668-05:00,UDP,cloudflare,rw,41,spotify.com,15.015666000000039,45,True,
2025-12-11 23:03:36.139148-05:00,UDP,cloudflare,rw,42,europa.eu,14.222541999999727,59,True,
2025-12-11 23:03:36.152894-05:00,UDP,cloudflare,rw,43,ebay.com,13.402917000000514,58,True,
2025-12-11 23:03:36.169538-05:00,UDP,cloudflare,rw,44,cisco.com,16.270083000000213,43,True,
2025-12-11 23:03:36.185242-05:00,UDP,cloudflare,rw,45,kubernetes.io,15.42516599999999,63,True,
2025-12-11 23:03:36.199310-05:00,UDP,cloudflare,rw,46,auckland.ac.nz,13.821333999999297,96,True,
2025-12-11 23:03:36.212964-05:00,UDP,cloudflare,rw,47,apple.com,13.44637500000001,43,True,
2025-12-11 23:03:36.228017-05:00,UDP,cloudflare,rw,48,tu-berlin.de,14.831790999999761,110,True,
2025-12-11 23:03:36.243558-05:00,UDP,cloudflare,rw,49,imgur.com,15.340540999999597,59,True,
2025-12-11 23:03:36.259930-05:00,UDP,google,cold,0,example.com,16.002292000000473,125,True,
2025-12-11 23:03:36.277557-05:00,UDP,google,cold,1,example.com,17.396250000000002,125,True,
2025-12-11 23:03:36.295121-05:00,UDP,google,cold,2,example.com,17.340167000000406,125,True,
2025-12-11 23:03:36.393884-05:00,UDP,google,cold,3,example.com,98.5339999999999,125,True,
2025-12-11 23:03:36.410377-05:00,UDP,google,cold,4,example.com,16.206083999999343,125,True,
2025-12-11 23:03:36.427947-05:00,UDP,google,cold,5,example.com,17.297292000000297,125,True,
2025-12-11 23:03:36.446645-05:00,UDP,google,cold,6,example.com,18.421541000000374,125,True,
2025-12-11 23:03:36.463277-05:00,UDP,google,cold,7,example.com,16.332667000000356,125,True,
2025-12-11 23:03:36.481303-05:00,UDP,google,cold,8,example.com,17.587375000000627,125,True,
2025-12-11 23:03:36.499567-05:00,UDP,google,cold,9,example.com,17.907583999999588,125,True,
2025-12-11 23:03:36.602445-05:00,UDP,google,cold,10,example.com,102.52133400000041,125,True,
2025-12-11 23:03:36.619527-05:00,UDP,google,cold,11,example.com,16.638333000000394,125,True,
2025-12-11 23:03:36.639631-05:00,UDP,google,cold,12,example.com,19.800499999999666,125,True,
2025-12-11 23:03:36.656446-05:00,UDP,google,cold,13,example.com,16.526708000000667,125,True,
2025-12-11 23:03:36.675745-05:00,UDP,google,cold,14,example.com,19.0632079999995,125,True,
2025-12-11 23:03:36.694189-05:00,UDP,google,cold,15,example.com,18.19870899999998,125,True,
2025-12-11 23:03:36.713368-05:00,UDP,google,cold,16,example.com,18.924000000000163,125,True,
2025-12-11 23:03:36.732661-05:00,UDP,google,cold,17,example.com,18.974166999999653,125,True,
2025-12-11 23:03:36.748359-05:00,UDP,google,cold,18,example.com,15.41612499999978,125,True,
2025-12-11 23:03:36.766905-05:00,UDP,google,cold,19,example.com,18.263082999999902,125,True,
2025-12-11 23:03:36.783751-05:00,UDP,google,cold,20,example.com,16.47891599999962,125,True,
2025-12-11 23:03:36.807378-05:00,UDP,google,cold,21,example.com,23.346958000000306,125,True,
2025-12-11 23:03:36.824867-05:00,UDP,google,cold,22,example.com,17.203708000000262,125,True,
2025-12-11 23:03:36.934100-05:00,UDP,google,cold,23,example.com,108.9616659999999,125,True,
2025-12-11 23:03:36.951402-05:00,UDP,google,cold,24,example.com,17.007541999999987,125,True,
2025-12-11 23:03:36.969036-05:00,UDP,google,cold,25,example.com,17.3476250000002,125,True,
2025-12-11 23:03:36.986704-05:00,UDP,google,cold,26,example.com,17.407582999999782,125,True,
2025-12-11 23:03:37.004224-05:00,UDP,google,cold,27,example.com,17.24287499999999,125,True,
2025-12-11 23:03:37.021767-05:00,UDP,google,cold,28,example.com,17.307249999999996,125,True,
2025-12-11 23:03:37.125349-05:00,UDP,google,cold,29,example.com,103.34116599999987,125,True,
2025-12-11 23:03:37.142792-05:00,UDP,google,cold,30,example.com,17.169083999999835,125,True,
2025-12-11 23:03:37.160560-05:00,UDP,google,cold,31,example.com,17.413582999999733,125,True,
2025-12-11 23:03:37.178027-05:00,UDP,google,cold,32,example.com,17.169958999999402,125,True,
2025-12-11 23:03:37.195539-05:00,UDP,google,cold,33,example.com,17.26116700000002,125,True,
2025-12-11 23:03:37.212177-05:00,UDP,google,cold,34,example.com,16.39791699999993,125,True,
2025-12-11 23:03:37.230773-05:00,UDP,google,cold,35,example.com,18.375875000000264,125,True,
2025-12-11 23:03:37.250315-05:00,UDP,google,cold,36,example.com,19.32141700000045,125,True,
2025-12-11 23:03:37.269928-05:00,UDP,google,cold,37,example.com,19.384084000000357,125,True,
2025-12-11 23:03:37.287342-05:00,UDP,google,cold,38,example.com,17.125791999999862,125,True,
2025-12-11 23:03:37.304831-05:00,UDP,google,cold,39,example.com,17.237584000000084,125,True,
2025-12-11 23:03:37.325663-05:00,UDP,google,cold,40,example.com,20.595875000000596,125,True,
2025-12-11 23:03:37.342048-05:00,UDP,google,cold,41,example.com,16.143666999999695,125,True,
2025-12-11 23:03:37.443624-05:00,UDP,google,cold,42,example.com,101.3296669999999,125,True,
2025-12-11 23:03:37.461334-05:00,UDP,google,cold,43,example.com,17.419249999999664,125,True,
2025-12-11 23:03:37.480662-05:00,UDP,google,cold,44,example.com,19.068292000000042,125,True,
2025-12-11 23:03:37.497422-05:00,UDP,google,cold,45,example.com,16.530083999999334,125,True,
2025-12-11 23:03:37.513520-05:00,UDP,google,cold,46,example.com,15.861916999999615,125,True,
2025-12-11 23:03:37.531615-05:00,UDP,google,cold,47,example.com,17.8519580000005,125,True,
2025-12-11 23:03:37.549281-05:00,UDP,google,cold,48,example.com,17.4626249999994,125,True,
2025-12-11 23:03:37.568527-05:00,UDP,google,cold,49,example.com,19.048708999999775,125,True,
2025-12-11 23:03:37.591980-05:00,UDP,google,warm,0,example.com,23.10916699999943,125,True,
2025-12-11 23:03:37.611516-05:00,UDP,google,warm,1,example.com,19.297542000000334,125,True,
2025-12-11 23:03:37.629090-05:00,UDP,google,warm,2,example.com,17.365833000000386,125,True,
2025-12-11 23:03:37.648583-05:00,UDP,google,warm,3,example.com,19.289458999999454,125,True,
2025-12-11 23:03:37.669548-05:00,UDP,google,warm,4,example.com,20.717333999999532,125,True,
2025-12-11 23:03:37.695776-05:00,UDP,google,warm,5,example.com,25.95008299999968,125,True,
2025-12-11 23:03:37.713211-05:00,UDP,google,warm,6,example.com,17.184165999999834,125,True,
2025-12-11 23:03:37.733472-05:00,UDP,google,warm,7,example.com,20.041207999999422,125,True,
2025-12-11 23:03:37.756786-05:00,UDP,google,warm,8,example.com,23.072458999999768,125,True,
2025-12-11 23:03:37.773875-05:00,UDP,google,warm,9,example.com,16.82216599999986,125,True,
2025-12-11 23:03:37.790350-05:00,UDP,google,warm,10,example.com,16.207875000000094,125,True,
2025-12-11 23:03:37.809449-05:00,UDP,google,warm,11,example.com,18.80374999999912,125,True,
2025-12-11 23:03:37.830254-05:00,UDP,google,warm,12,example.com,20.397917000000376,125,True,
2025-12-11 23:03:37.850330-05:00,UDP,google,warm,13,example.com,19.376750000000165,125,True,
2025-12-11 23:03:37.872634-05:00,UDP,google,warm,14,example.com,21.306583000000323,125,True,
2025-12-11 23:03:37.985794-05:00,UDP,google,warm,15,example.com,112.06337499999997,125,True,
2025-12-11 23:03:38.007709-05:00,UDP,google,warm,16,example.com,20.736041999999344,125,True,
2025-12-11 23:03:38.027104-05:00,UDP,google,warm,17,example.com,18.37941700000023,125,True,
2025-12-11 23:03:38.047178-05:00,UDP,google,warm,18,example.com,19.218375000000343,125,True,
2025-12-11 23:03:38.066676-05:00,UDP,google,warm,19,example.com,18.51775,125,True,
2025-12-11 23:03:38.087663-05:00,UDP,google,warm,20,example.com,19.923667000000478,125,True,
2025-12-11 23:03:38.107312-05:00,UDP,google,warm,21,example.com,18.65512500000044,125,True,
2025-12-11 23:03:38.126924-05:00,UDP,google,warm,22,example.com,18.70204200000014,125,True,
2025-12-11 23:03:38.146760-05:00,UDP,google,warm,23,example.com,19.07566599999999,125,True,
2025-12-11 23:03:38.166683-05:00,UDP,google,warm,24,example.com,19.2098749999996,125,True,
2025-12-11 23:03:38.190585-05:00,UDP,google,warm,25,example.com,22.769416999999237,125,True,
2025-12-11 23:03:38.215920-05:00,UDP,google,warm,26,example.com,24.79116700000006,125,True,
2025-12-11 23:03:38.241215-05:00,UDP,google,warm,27,example.com,25.00304199999981,125,True,
2025-12-11 23:03:38.264526-05:00,UDP,google,warm,28,example.com,22.913542000000398,125,True,
2025-12-11 23:03:38.287730-05:00,UDP,google,warm,29,example.com,22.670000000000634,125,True,
2025-12-11 23:03:38.495590-05:00,UDP,google,warm,30,example.com,206.57141700000014,125,True,
2025-12-11 23:03:38.518776-05:00,UDP,google,warm,31,example.com,21.870041999999756,125,True,
2025-12-11 23:03:38.562379-05:00,UDP,google,warm,32,example.com,42.46233300000046,125,True,
2025-12-11 23:03:38.589210-05:00,UDP,google,warm,33,example.com,25.36841600000006,125,True,
2025-12-11 23:03:38.609805-05:00,UDP,google,warm,34,example.com,19.35604099999999,125,True,
2025-12-11 23:03:38.673773-05:00,UDP,google,warm,35,example.com,63.12841599999963,125,True,
2025-12-11 23:03:38.697034-05:00,UDP,google,warm,36,example.com,22.459125000000135,125,True,
2025-12-11 23:03:38.732656-05:00,UDP,google,warm,37,example.com,34.545041999999526,125,True,
2025-12-11 23:03:38.773169-05:00,UDP,google,warm,38,example.com,39.40833399999999,125,True,
2025-12-11 23:03:38.793271-05:00,UDP,google,warm,39,example.com,19.291291000000044,125,True,
2025-12-11 23:03:38.812819-05:00,UDP,google,warm,40,example.com,18.052832999999602,125,True,
2025-12-11 23:03:38.831818-05:00,UDP,google,warm,41,example.com,17.90975000000028,125,True,
2025-12-11 23:03:38.856987-05:00,UDP,google,warm,42,example.com,24.055416000000385,125,True,
2025-12-11 23:03:39.034193-05:00,UDP,google,warm,43,example.com,176.12916700000002,125,True,
2025-12-11 23:03:39.055984-05:00,UDP,google,warm,44,example.com,20.612999999999992,125,True,
2025-12-11 23:03:39.075740-05:00,UDP,google,warm,45,example.com,18.806707999999617,125,True,
2025-12-11 23:03:39.096851-05:00,UDP,google,warm,46,example.com,20.084624999999967,125,True,
2025-12-11 23:03:39.121633-05:00,UDP,google,warm,47,example.com,23.831500000000005,125,True,
2025-12-11 23:03:39.140988-05:00,UDP,google,warm,48,example.com,18.2779170000007,125,True,
2025-12-11 23:03:39.182435-05:00,UDP,google,warm,49,example.com,40.34891699999932,125,True,
2025-12-11 23:03:39.206300-05:00,UDP,google,rw,0,zoom.us,22.46895800000015,41,True,
2025-12-11 23:03:39.229675-05:00,UDP,google,rw,1,nodejs.org,22.907041999999933,60,True,
2025-12-11 23:03:39.253066-05:00,UDP,google,rw,2,stackoverflow.com,22.907374999999952,51,True,
2025-12-11 23:03:39.306206-05:00,UDP,google,rw,3,oracle.com,52.47075000000034,44,True,
2025-12-11 23:03:39.559449-05:00,UDP,google,rw,4,reddit.com,252.34404199999983,92,True,
2025-12-11 23:03:39.581361-05:00,UDP,google,rw,5,golang.org,20.977915999999652,44,True,
2025-12-11 23:03:39.604665-05:00,UDP,google,rw,6,mit.edu,22.481083999999818,41,True,
2025-12-11 23:03:39.632755-05:00,UDP,google,rw,7,github.com,27.279000000000053,44,True,
2025-12-11 23:03:39.736304-05:00,UDP,google,rw,8,edf.fr,102.22962500000054,40,True,
2025-12-11 23:03:39.755903-05:00,UDP,google,rw,9,openai.com,17.72908400000084,60,True,
2025-12-11 23:03:39.797999-05:00,UDP,google,rw,10,yahoo.com,41.08120800000137,123,True,
2025-12-11 23:03:39.821506-05:00,UDP,google,rw,11,cnn.com,23.035333999999352,89,True,
2025-12-11 23:03:39.852978-05:00,UDP,google,rw,12,microsoft.com,29.154249999999493,63,True,
2025-12-11 23:03:39.896431-05:00,UDP,google,rw,13,salesforce.com,42.706041999998945,160,True,
2025-12-11 23:03:40.067519-05:00,UDP,google,rw,14,mozilla.org,170.81849999999932,45,True,
2025-12-11 23:03:40.113585-05:00,UDP,google,rw,15,utoronto.ca,43.80891699999978,45,True,
2025-12-11 23:03:40.137478-05:00,UDP,google,rw,16,abc.net.au,23.67424999999912,44,True,
2025-12-11 23:03:40.158317-05:00,UDP,google,rw,17,python.org,20.639582999999462,92,True,
2025-12-11 23:03:40.176097-05:00,UDP,google,rw,18,twitch.tv,17.57474999999964,91,True,
2025-12-11 23:03:40.193495-05:00,UDP,google,rw,19,theguardian.com,17.203165999999825,97,True,
2025-12-11 23:03:40.211042-05:00,UDP,google,rw,20,kakao.com,17.348665999998403,75,True,
2025-12-11 23:03:40.230913-05:00,UDP,google,rw,21,google.com,19.6362919999995,124,True,
2025-12-11 23:03:40.256268-05:00,UDP,google,rw,22,bbc.co.uk,25.047457999999523,91,True,
2025-12-11 23:03:40.306288-05:00,UDP,google,rw,23,netflix.com,49.69958300000066,77,True,
2025-12-11 23:03:40.346164-05:00,UDP,google,rw,24,sony.jp,38.96641700000103,73,True,
2025-12-11 23:03:40.367959-05:00,UDP,google,rw,25,naver.com,20.789000000000613,91,True,
2025-12-11 23:03:40.603734-05:00,UDP,google,rw,26,instagram.com,235.30475000000095,47,True,
2025-12-11 23:03:40.622448-05:00,UDP,google,rw,27,nytimes.com,18.181082999999987,93,True,
2025-12-11 23:03:40.640090-05:00,UDP,google,rw,28,amazon.com,16.837250000000026,76,True,
2025-12-11 23:03:40.658523-05:00,UDP,google,rw,29,ubuntu.com,17.96404100000082,76,True,
2025-12-11 23:03:40.718084-05:00,UDP,google,rw,30,espn.com,59.1644579999997,90,True,
2025-12-11 23:03:40.738438-05:00,UDP,google,rw,31,wikipedia.org,20.036209000000582,47,True,
2025-12-11 23:03:40.759872-05:00,UDP,google,rw,32,cloudflare.com,20.843333000000186,64,True,
2025-12-11 23:03:40.856237-05:00,UDP,google,rw,33,ox.ac.uk,95.994417,90,True,
2025-12-11 23:03:40.884069-05:00,UDP,google,rw,34,gov.uk,27.310625000000144,88,True,
2025-12-11 23:03:40.923398-05:00,UDP,google,rw,35,cam.ac.uk,38.659958000000216,43,True,
2025-12-11 23:03:40.944082-05:00,UDP,google,rw,36,dropbox.com,19.938083000001328,45,True,
2025-12-11 23:03:41.119727-05:00,UDP,google,rw,37,harvard.edu,174.97145899999998,45,True,
2025-12-11 23:03:41.146272-05:00,UDP,google,rw,38,bing.com,24.678624999999954,58,True,
2025-12-11 23:03:41.164312-05:00,UDP,google,rw,39,youtube.com,17.45820899999906,93,True,
2025-12-11 23:03:41.182052-05:00,UDP,google,rw,40,quora.com,17.429874999999484,91,True,
2025-12-11 23:03:41.201201-05:00,UDP,google,rw,41,spotify.com,18.70379100000008,45,True,
2025-12-11 23:03:41.240841-05:00,UDP,google,rw,42,europa.eu,39.37708299999976,59,True,
2025-12-11 23:03:41.258805-05:00,UDP,google,rw,43,ebay.com,17.622292000000428,58,True,
2025-12-11 23:03:41.277379-05:00,UDP,google,rw,44,cisco.com,17.908542000000693,43,True,
2025-12-11 23:03:41.294662-05:00,UDP,google,rw,45,kubernetes.io,16.624500000000708,63,True,
2025-12-11 23:03:41.314133-05:00,UDP,google,rw,46,auckland.ac.nz,18.990999999999758,96,True,
2025-12-11 23:03:41.357617-05:00,UDP,google,rw,47,apple.com,42.89525000000083,43,True,
2025-12-11 23:03:41.473510-05:00,UDP,google,rw,48,tu-berlin.de,115.3724589999996,110,True,
2025-12-11 23:03:41.490877-05:00,UDP,google,rw,49,imgur.com,17.06629100000079,59,True,
2025-12-11 23:03:41.696448-05:00,DoH,cloudflare,cold,0,example.com,205.3435839999995,509,True,status=200
2025-12-11 23:03:41.763104-05:00,DoH,cloudflare,cold,1,example.com,66.41133399999966,508,True,status=200
2025-12-11 23:03:41.828976-05:00,DoH,cloudflare,cold,2,example.com,65.37262500000018,509,True,status=200
2025-12-11 23:03:41.897036-05:00,DoH,cloudflare,cold,3,example.com,67.82645800000076,509,True,status=200
2025-12-11 23:03:41.969370-05:00,DoH,cloudflare,cold,4,example.com,72.0368330000003,509,True,status=200
2025-12-11 23:03:42.047044-05:00,DoH,cloudflare,cold,5,example.com,77.45016700000029,509,True,status=200
2025-12-11 23:03:42.201581-05:00,DoH,cloudflare,cold,6,example.com,154.31300000000016,509,True,status=200
2025-12-11 23:03:42.278281-05:00,DoH,cloudflare,cold,7,example.com,76.45274999999963,509,True,status=200
2025-12-11 23:03:42.349321-05:00,DoH,cloudflare,cold,8,example.com,70.76970899999857,508,True,status=200
2025-12-11 23:03:42.415284-05:00,DoH,cloudflare,cold,9,example.com,65.68804199999967,509,True,status=200
2025-12-11 23:03:42.483364-05:00,DoH,cloudflare,cold,10,example.com,67.56270900000061,509,True,status=200
2025-12-11 23:03:42.553150-05:00,DoH,cloudflare,cold,11,example.com,68.81625000000113,509,True,status=200
2025-12-11 23:03:42.701673-05:00,DoH,cloudflare,cold,12,example.com,148.33070899999967,509,True,status=200
2025-12-11 23:03:42.765848-05:00,DoH,cloudflare,cold,13,example.com,63.86158399999964,508,True,status=200
2025-12-11 23:03:42.834330-05:00,DoH,cloudflare,cold,14,example.com,68.31820899999919,508,True,status=200
2025-12-11 23:03:42.905636-05:00,DoH,cloudflare,cold,15,example.com,71.13699999999845,508,True,status=200
2025-12-11 23:03:42.986866-05:00,DoH,cloudflare,cold,16,example.com,80.99708299999975,509,True,status=200
2025-12-11 23:03:43.061001-05:00,DoH,cloudflare,cold,17,example.com,73.92429199999917,509,True,status=200
2025-12-11 23:03:43.211065-05:00,DoH,cloudflare,cold,18,example.com,149.848875,509,True,status=200
2025-12-11 23:03:43.271660-05:00,DoH,cloudflare,cold,19,example.com,60.28487500000068,508,True,status=200
2025-12-11 23:03:43.340038-05:00,DoH,cloudflare,cold,20,example.com,68.20591700000023,509,True,status=200
2025-12-11 23:03:43.415578-05:00,DoH,cloudflare,cold,21,example.com,75.36491599999984,508,True,status=200
2025-12-11 23:03:43.488742-05:00,DoH,cloudflare,cold,22,example.com,72.77787499999988,508,True,status=200
2025-12-11 23:03:43.587047-05:00,DoH,cloudflare,cold,23,example.com,98.12283299999969,509,True,status=200
2025-12-11 23:03:43.764898-05:00,DoH,cloudflare,cold,24,example.com,174.21287500000028,509,True,status=200
2025-12-11 23:03:43.852232-05:00,DoH,cloudflare,cold,25,example.com,86.69100000000007,509,True,status=200
2025-12-11 23:03:43.923337-05:00,DoH,cloudflare,cold,26,example.com,70.91958300000023,509,True,status=200
2025-12-11 23:03:44.029809-05:00,DoH,cloudflare,cold,27,example.com,105.96837499999978,508,True,status=200
2025-12-11 23:03:44.098287-05:00,DoH,cloudflare,cold,28,example.com,68.22666700000113,509,True,status=200
2025-12-11 23:03:44.158723-05:00,DoH,cloudflare,cold,29,example.com,60.22258299999983,509,True,status=200
2025-12-11 23:03:44.333426-05:00,DoH,cloudflare,cold,30,example.com,174.44550000000092,509,True,status=200
2025-12-11 23:03:44.406508-05:00,DoH,cloudflare,cold,31,example.com,72.89333300000145,508,True,status=200
2025-12-11 23:03:44.467494-05:00,DoH,cloudflare,cold,32,example.com,60.7685,509,True,status=200
2025-12-11 23:03:44.534443-05:00,DoH,cloudflare,cold,33,example.com,66.77770900000013,509,True,status=200
2025-12-11 23:03:44.595869-05:00,DoH,cloudflare,cold,34,example.com,61.21908300000101,509,True,status=200
2025-12-11 23:03:44.664245-05:00,DoH,cloudflare,cold,35,example.com,68.19695899999978,508,True,status=200
2025-12-11 23:03:44.810999-05:00,DoH,cloudflare,cold,36,example.com,146.5785420000003,508,True,status=200
2025-12-11 23:03:44.885327-05:00,DoH,cloudflare,cold,37,example.com,74.14187500000047,508,True,status=200
2025-12-11 23:03:44.949764-05:00,DoH,cloudflare,cold,38,example.com,64.19887499999888,508,True,status=200
2025-12-11 23:03:45.014179-05:00,DoH,cloudflare,cold,39,example.com,63.52308400000162,509,True,status=200
2025-12-11 23:03:45.072703-05:00,DoH,cloudflare,cold,40,example.com,58.303207999999884,509,True,status=200
2025-12-11 23:03:45.134029-05:00,DoH,cloudflare,cold,41,example.com,61.12866600000011,509,True,status=200
2025-12-11 23:03:45.207739-05:00,DoH,cloudflare,cold,42,example.com,73.17054099999964,509,True,status=200
2025-12-11 23:03:45.367438-05:00,DoH,cloudflare,cold,43,example.com,159.41808400000036,508,True,status=200
2025-12-11 23:03:45.444301-05:00,DoH,cloudflare,cold,44,example.com,76.67562500000003,509,True,status=200
2025-12-11 23:03:45.525767-05:00,DoH,cloudflare,cold,45,example.com,81.28770899999971,509,True,status=200
2025-12-11 23:03:45.586171-05:00,DoH,cloudflare,cold,46,example.com,60.24558400000046,509,True,status=200
2025-12-11 23:03:45.670506-05:00,DoH,cloudflare,cold,47,example.com,84.18429199999977,508,True,status=200
2025-12-11 23:03:45.734796-05:00,DoH,cloudflare,cold,48,example.com,64.07487499999931,509,True,status=200
2025-12-11 23:03:45.887077-05:00,DoH,cloudflare,cold,49,example.com,152.07758300000052,509,True,status=200
2025-12-11 23:03:45.962309-05:00,DoH,cloudflare,warm,0,example.com,69.97520900000076,508,True,status=200
2025-12-11 23:03:45.977331-05:00,DoH,cloudflare,warm,1,example.com,14.848165999998386,508,True,status=200
2025-12-11 23:03:45.992910-05:00,DoH,cloudflare,warm,2,example.com,15.33862500000005,508,True,status=200
2025-12-11 23:03:46.007881-05:00,DoH,cloudflare,warm,3,example.com,14.323499999999711,508,True,status=200
2025-12-11 23:03:46.021715-05:00,DoH,cloudflare,warm,4,example.com,13.66558299999987,508,True,status=200
2025-12-11 23:03:46.040528-05:00,DoH,cloudflare,warm,5,example.com,18.65654100000036,508,True,status=200
2025-12-11 23:03:46.057210-05:00,DoH,cloudflare,warm,6,example.com,16.53408299999981,508,True,status=200
2025-12-11 23:03:46.072386-05:00,DoH,cloudflare,warm,7,example.com,15.016208000000475,508,True,status=200
2025-12-11 23:03:46.086214-05:00,DoH,cloudflare,warm,8,example.com,13.661042000000734,508,True,status=200
2025-12-11 23:03:46.101913-05:00,DoH,cloudflare,warm,9,example.com,15.398375000000186,508,True,status=200
2025-12-11 23:03:46.115716-05:00,DoH,cloudflare,warm,10,example.com,13.637583999999592,508,True,status=200
2025-12-11 23:03:46.133085-05:00,DoH,cloudflare,warm,11,example.com,17.22358299999982,508,True,status=200
2025-12-11 23:03:46.147017-05:00,DoH,cloudflare,warm,12,example.com,13.77704200000096,508,True,status=200
2025-12-11 23:03:46.166404-05:00,DoH,cloudflare,warm,13,example.com,18.909666999999075,508,True,status=200
2025-12-11 23:03:46.179928-05:00,DoH,cloudflare,warm,14,example.com,13.333416000000042,508,True,status=200
2025-12-11 23:03:46.193517-05:00,DoH,cloudflare,warm,15,example.com,13.434959000001356,508,True,status=200
2025-12-11 23:03:46.206722-05:00,DoH,cloudflare,warm,16,example.com,13.04262500000064,508,True,status=200
2025-12-11 23:03:46.221769-05:00,DoH,cloudflare,warm,17,example.com,14.888208000000347,508,True,status=200
2025-12-11 23:03:46.236587-05:00,DoH,cloudflare,warm,18,example.com,14.64666699999917,508,True,status=200
2025-12-11 23:03:46.252836-05:00,DoH,cloudflare,warm,19,example.com,16.074624999999898,508,True,status=200
2025-12-11 23:03:46.374742-05:00,DoH,cloudflare,warm,20,example.com,121.72866700000107,508,True,status=200
2025-12-11 23:03:46.391164-05:00,DoH,cloudflare,warm,21,example.com,16.25433299999912,508,True,status=200
2025-12-11 23:03:46.406569-05:00,DoH,cloudflare,warm,22,example.com,15.2537499999994,508,True,status=200
2025-12-11 23:03:46.420148-05:00,DoH,cloudflare,warm,23,example.com,13.422500000000781,508,True,status=200
2025-12-11 23:03:46.438386-05:00,DoH,cloudflare,warm,24,example.com,18.075749999999502,508,True,status=200
2025-12-11 23:03:46.453348-05:00,DoH,cloudflare,warm,25,example.com,14.751624999998825,508,True,status=200
2025-12-11 23:03:46.468892-05:00,DoH,cloudflare,warm,26,example.com,15.39783299999975,508,True,status=200
2025-12-11 23:03:46.484651-05:00,DoH,cloudflare,warm,27,example.com,15.602499999999964,508,True,status=200
2025-12-11 23:03:46.506405-05:00,DoH,cloudflare,warm,28,example.com,21.61191600000123,508,True,status=200
2025-12-11 23:03:46.521625-05:00,DoH,cloudflare,warm,29,example.com,15.02870800000089,508,True,status=200
2025-12-11 23:03:46.537505-05:00,DoH,cloudflare,warm,30,example.com,15.692833999999323,508,True,status=200
2025-12-11 23:03:46.552828-05:00,DoH,cloudflare,warm,31,example.com,15.181790999999834,508,True,status=200
2025-12-11 23:03:46.566599-05:00,DoH,cloudflare,warm,32,example.com,13.632500000001713,508,True,status=200
2025-12-11 23:03:46.580412-05:00,DoH,cloudflare,warm,33,example.com,13.633542000000887,508,True,status=200
2025-12-11 23:03:46.596002-05:00,DoH,cloudflare,warm,34,example.com,15.449124999999952,508,True,status=200
2025-12-11 23:03:46.611779-05:00,DoH,cloudflare,warm,35,example.com,15.63037500000064,508,True,status=200
2025-12-11 23:03:46.627192-05:00,DoH,cloudflare,warm,36,example.com,15.281875000001222,508,True,status=200
2025-12-11 23:03:46.644883-05:00,DoH,cloudflare,warm,37,example.com,17.495874999999828,508,True,status=200
2025-12-11 23:03:46.661053-05:00,DoH,cloudflare,warm,38,example.com,15.946124999999256,508,True,status=200
2025-12-11 23:03:46.679368-05:00,DoH,cloudflare,warm,39,example.com,17.820833999998342,508,True,status=200
2025-12-11 23:03:46.701734-05:00,DoH,cloudflare,warm,40,example.com,17.994415999998736,508,True,status=200
2025-12-11 23:03:46.735304-05:00,DoH,cloudflare,warm,41,example.com,31.65987500000078,508,True,status=200
2025-12-11 23:03:46.765484-05:00,DoH,cloudflare,warm,42,example.com,20.633000000000123,508,True,status=200
2025-12-11 23:03:46.783538-05:00,DoH,cloudflare,warm,43,example.com,16.818375000001495,508,True,status=200
2025-12-11 23:03:46.881712-05:00,DoH,cloudflare,warm,44,example.com,97.95641700000068,508,True,status=200
2025-12-11 23:03:46.896640-05:00,DoH,cloudflare,warm,45,example.com,14.723708000000002,508,True,status=200
2025-12-11 23:03:46.914375-05:00,DoH,cloudflare,warm,46,example.com,17.544000000000892,508,True,status=200
2025-12-11 23:03:46.929967-05:00,DoH,cloudflare,warm,47,example.com,15.400917000000902,508,True,status=200
2025-12-11 23:03:46.945484-05:00,DoH,cloudflare,warm,48,example.com,15.287332999999848,508,True,status=200
2025-12-11 23:03:46.961972-05:00,DoH,cloudflare,warm,49,example.com,16.304625000000073,508,True,status=200
2025-12-11 23:03:47.037328-05:00,DoH,cloudflare,rw,1,zoom.us,70.20070799999978,176,True,status=200
2025-12-11 23:03:47.053001-05:00,DoH,cloudflare,rw,2,nodejs.org,15.492667000000182,247,True,status=200
2025-12-11 23:03:47.066525-05:00,DoH,cloudflare,rw,3,stackoverflow.com,13.368916999999314,197,True,status=200
2025-12-11 23:03:47.082451-05:00,DoH,cloudflare,rw,4,oracle.com,15.748125000000002,182,True,status=200
2025-12-11 23:03:47.096723-05:00,DoH,cloudflare,rw,5,reddit.com,14.09762499999978,381,True,status=200
2025-12-11 23:03:47.111510-05:00,DoH,cloudflare,rw,6,golang.org,14.598583999999803,184,True,status=200
2025-12-11 23:03:47.131557-05:00,DoH,cloudflare,rw,7,mit.edu,19.867458000000227,174,True,status=200
2025-12-11 23:03:47.149745-05:00,DoH,cloudflare,rw,8,github.com,16.912834000001098,182,True,status=200
2025-12-11 23:03:47.164355-05:00,DoH,cloudflare,rw,9,edf.fr,14.230459000000195,175,True,status=200
2025-12-11 23:03:47.179960-05:00,DoH,cloudflare,rw,10,openai.com,15.424416000000107,244,True,status=200
2025-12-11 23:03:47.193766-05:00,DoH,cloudflare,rw,11,yahoo.com,13.65816699999911,495,True,status=200
2025-12-11 23:03:47.209648-05:00,DoH,cloudflare,rw,12,cnn.com,15.731249999999974,354,True,status=200
2025-12-11 23:03:47.224692-05:00,DoH,cloudflare,rw,13,microsoft.com,14.880708000001519,257,True,status=200
2025-12-11 23:03:47.237770-05:00,DoH,cloudflare,rw,14,salesforce.com,12.906917000000462,657,True,status=200
2025-12-11 23:03:47.262765-05:00,DoH,cloudflare,rw,15,mozilla.org,24.820291999999355,186,True,status=200
2025-12-11 23:03:47.278143-05:00,DoH,cloudflare,rw,16,utoronto.ca,15.183125000000075,183,True,status=200
2025-12-11 23:03:47.293174-05:00,DoH,cloudflare,rw,17,abc.net.au,14.713709000000463,183,True,status=200
2025-12-11 23:03:47.308643-05:00,DoH,cloudflare,rw,18,python.org,15.297041000000178,377,True,status=200
2025-12-11 23:03:47.405496-05:00,DoH,cloudflare,rw,19,twitch.tv,96.70520900000135,380,True,status=200
2025-12-11 23:03:47.420310-05:00,DoH,cloudflare,rw,20,theguardian.com,14.574959000000831,410,True,status=200
2025-12-11 23:03:47.435735-05:00,DoH,cloudflare,rw,21,kakao.com,15.233083000000036,308,True,status=200
2025-12-11 23:03:47.449805-05:00,DoH,cloudflare,rw,22,google.com,13.9472499999993,185,True,status=200
2025-12-11 23:03:47.467263-05:00,DoH,cloudflare,rw,23,bbc.co.uk,17.308333000000786,368,True,status=200
2025-12-11 23:03:47.482855-05:00,DoH,cloudflare,rw,24,netflix.com,15.412624999999736,310,True,status=200
2025-12-11 23:03:47.505971-05:00,DoH,cloudflare,rw,25,sony.jp,22.948125000000985,296,True,status=200
2025-12-11 23:03:47.519740-05:00,DoH,cloudflare,rw,26,naver.com,13.61362499999963,379,True,status=200
2025-12-11 23:03:47.537244-05:00,DoH,cloudflare,rw,27,instagram.com,17.331625000000628,188,True,status=200
2025-12-11 23:03:47.554824-05:00,DoH,cloudflare,rw,28,nytimes.com,17.455083999999843,382,True,status=200
2025-12-11 23:03:47.576233-05:00,DoH,cloudflare,rw,29,amazon.com,21.29804199999974,310,True,status=200
2025-12-11 23:03:47.594392-05:00,DoH,cloudflare,rw,30,ubuntu.com,18.047292000000326,312,True,status=200
2025-12-11 23:03:47.609894-05:00,DoH,cloudflare,rw,31,espn.com,15.215083000001073,359,True,status=200
2025-12-11 23:03:47.626704-05:00,DoH,cloudflare,rw,32,wikipedia.org,16.605457999999018,191,True,status=200
2025-12-11 23:03:47.649197-05:00,DoH,cloudflare,rw,33,cloudflare.com,22.2453749999989,259,True,status=200
2025-12-11 23:03:47.669278-05:00,DoH,cloudflare,rw,34,ox.ac.uk,19.727917000000872,366,True,status=200
2025-12-11 23:03:47.693209-05:00,DoH,cloudflare,rw,35,gov.uk,23.42750000000038,364,True,status=200
2025-12-11 23:03:47.714612-05:00,DoH,cloudflare,rw,36,cam.ac.uk,20.755250000000558,179,True,status=200
2025-12-11 23:03:47.731855-05:00,DoH,cloudflare,rw,37,dropbox.com,16.568374999998525,186,True,status=200
2025-12-11 23:03:47.749449-05:00,DoH,cloudflare,rw,38,harvard.edu,17.05454200000034,183,True,status=200
2025-12-11 23:03:47.773689-05:00,DoH,cloudflare,rw,39,bing.com,23.64499999999836,244,True,status=200
2025-12-11 23:03:47.789679-05:00,DoH,cloudflare,rw,40,youtube.com,15.519125000000855,187,True,status=200
2025-12-11 23:03:47.808780-05:00,DoH,cloudflare,rw,41,quora.com,18.636332999999894,367,True,status=200
2025-12-11 23:03:47.835808-05:00,DoH,cloudflare,rw,42,spotify.com,26.34616699999981,186,True,status=200
2025-12-11 23:03:47.944717-05:00,DoH,cloudflare,rw,43,europa.eu,108.66562500000043,243,True,status=200
2025-12-11 23:03:47.964095-05:00,DoH,cloudflare,rw,44,ebay.com,18.11512499999779,236,True,status=200
2025-12-11 23:03:47.982488-05:00,DoH,cloudflare,rw,45,cisco.com,17.6625829999999,182,True,status=200
2025-12-11 23:03:48.003560-05:00,DoH,cloudflare,rw,46,kubernetes.io,20.301624999998324,258,True,status=200
2025-12-11 23:03:48.020966-05:00,DoH,cloudflare,rw,47,auckland.ac.nz,16.644750000001096,470,True,status=200
2025-12-11 23:03:48.036008-05:00,DoH,cloudflare,rw,48,apple.com,14.693250000000546,182,True,status=200
2025-12-11 23:03:48.054168-05:00,DoH,cloudflare,rw,49,tu-berlin.de,17.726167000002846,443,True,status=200
2025-12-11 23:03:48.071229-05:00,DoH,cloudflare,rw,50,imgur.com,16.639083999997695,253,True,status=200
2025-12-11 23:03:48.168081-05:00,DoH,google,cold,0,example.com,95.85508300000001,515,True,status=200
2025-12-11 23:03:48.247580-05:00,DoH,google,cold,1,example.com,78.8209170000016,515,True,status=200
2025-12-11 23:03:48.349007-05:00,DoH,google,cold,2,example.com,101.0944589999987,515,True,status=200
2025-12-11 23:03:48.527326-05:00,DoH,google,cold,3,example.com,177.99137499999773,515,True,status=200
2025-12-11 23:03:48.602916-05:00,DoH,google,cold,4,example.com,75.37620900000164,515,True,status=200
2025-12-11 23:03:48.683240-05:00,DoH,google,cold,5,example.com,80.13808300000136,515,True,status=200
2025-12-11 23:03:48.769283-05:00,DoH,google,cold,6,example.com,85.83683399999842,515,True,status=200
2025-12-11 23:03:49.047334-05:00,DoH,google,cold,7,example.com,277.8541249999975,515,True,status=200
2025-12-11 23:03:49.216683-05:00,DoH,google,cold,8,example.com,169.01712499999988,515,True,status=200
2025-12-11 23:03:49.318547-05:00,DoH,google,cold,9,example.com,101.67066700000049,515,True,status=200
2025-12-11 23:03:49.567940-05:00,DoH,google,cold,10,example.com,249.168375,515,True,status=200
2025-12-11 23:03:49.664753-05:00,DoH,google,cold,11,example.com,96.51245799999941,515,True,status=200
2025-12-11 23:03:49.770696-05:00,DoH,google,cold,12,example.com,105.66695899999701,515,True,status=200
2025-12-11 23:03:50.090204-05:00,DoH,google,cold,13,example.com,319.24341600000264,515,True,status=200
2025-12-11 23:03:50.180252-05:00,DoH,google,cold,14,example.com,89.54395799999659,515,True,status=200
2025-12-11 23:03:50.296966-05:00,DoH,google,cold,15,example.com,116.36087499999803,515,True,status=200
2025-12-11 23:03:50.618845-05:00,DoH,google,cold,16,example.com,321.5533750000006,515,True,status=200
2025-12-11 23:03:50.722820-05:00,DoH,google,cold,17,example.com,103.79279200000013,515,True,status=200
2025-12-11 23:03:51.074914-05:00,DoH,google,cold,18,example.com,351.8867909999983,515,True,status=200
2025-12-11 23:03:51.193516-05:00,DoH,google,cold,19,example.com,118.29133300000194,515,True,status=200
2025-12-11 23:03:51.354739-05:00,DoH,google,cold,20,example.com,159.807292,515,True,status=200
2025-12-11 23:03:51.640232-05:00,DoH,google,cold,21,example.com,284.96145799999795,515,True,status=200
2025-12-11 23:03:51.721013-05:00,DoH,google,cold,22,example.com,80.29662499999901,515,True,status=200
2025-12-11 23:03:51.819015-05:00,DoH,google,cold,23,example.com,97.82595799999783,515,True,status=200
2025-12-11 23:03:52.141955-05:00,DoH,google,cold,24,example.com,322.55641700000126,515,True,status=200
2025-12-11 23:03:52.271391-05:00,DoH,google,cold,25,example.com,128.7056669999984,515,True,status=200
2025-12-11 23:03:52.374416-05:00,DoH,google,cold,26,example.com,102.77333399999833,515,True,status=200
2025-12-11 23:03:52.476090-05:00,DoH,google,cold,27,example.com,101.46716599999905,515,True,status=200
2025-12-11 23:03:52.732003-05:00,DoH,google,cold,28,example.com,255.71441700000008,515,True,status=200
2025-12-11 23:03:52.853386-05:00,DoH,google,cold,29,example.com,121.17358300000092,515,True,status=200
2025-12-11 23:03:53.005027-05:00,DoH,google,cold,30,example.com,151.41270800000228,515,True,status=200
2025-12-11 23:03:53.171362-05:00,DoH,google,cold,31,example.com,166.06454099999723,515,True,status=200
2025-12-11 23:03:53.258520-05:00,DoH,google,cold,32,example.com,86.87762499999963,515,True,status=200
2025-12-11 23:03:53.345742-05:00,DoH,google,cold,33,example.com,86.62804199999741,515,True,status=200
2025-12-11 23:03:53.500375-05:00,DoH,google,cold,34,example.com,154.41529200000303,515,True,status=200
2025-12-11 23:03:53.711457-05:00,DoH,google,cold,35,example.com,210.88783299999747,515,True,status=200
2025-12-11 23:03:53.796379-05:00,DoH,google,cold,36,example.com,84.6940829999987,515,True,status=200
2025-12-11 23:03:53.889386-05:00,DoH,google,cold,37,example.com,92.51645799999864,515,True,status=200
2025-12-11 23:03:53.985120-05:00,DoH,google,cold,38,example.com,95.08679200000003,515,True,status=200
2025-12-11 23:03:54.093937-05:00,DoH,google,cold,39,example.com,108.2673750000005,515,True,status=200
2025-12-11 23:03:54.261354-05:00,DoH,google,cold,40,example.com,166.86900000000193,515,True,status=200
2025-12-11 23:03:54.352335-05:00,DoH,google,cold,41,example.com,90.32924999999992,515,True,status=200
2025-12-11 23:03:54.439481-05:00,DoH,google,cold,42,example.com,86.6991249999991,515,True,status=200
2025-12-11 23:03:54.554379-05:00,DoH,google,cold,43,example.com,114.60983400000302,515,True,status=200
2025-12-11 23:03:54.629748-05:00,DoH,google,cold,44,example.com,75.22795899999934,515,True,status=200
2025-12-11 23:03:54.801179-05:00,DoH,google,cold,45,example.com,171.23495799999944,515,True,status=200
2025-12-11 23:03:54.898669-05:00,DoH,google,cold,46,example.com,97.2719160000004,515,True,status=200
2025-12-11 23:03:54.974362-05:00,DoH,google,cold,47,example.com,75.51704100000123,515,True,status=200
2025-12-11 23:03:55.056626-05:00,DoH,google,cold,48,example.com,82.00087499999853,515,True,status=200
2025-12-11 23:03:55.137424-05:00,DoH,google,cold,49,example.com,80.63212500000105,515,True,status=200
2025-12-11 23:03:55.312839-05:00,DoH,google,warm,0,example.com,165.76933300000007,515,True,status=200
2025-12-11 23:03:55.331161-05:00,DoH,google,warm,1,example.com,18.120541999998352,515,True,status=200
2025-12-11 23:03:55.362396-05:00,DoH,google,warm,2,example.com,31.054792000002607,515,True,status=200
2025-12-11 23:03:55.394248-05:00,DoH,google,warm,3,example.com,31.273415999997667,515,True,status=200
2025-12-11 23:03:55.417021-05:00,DoH,google,warm,4,example.com,22.14133300000043,515,True,status=200
2025-12-11 23:03:55.435162-05:00,DoH,google,warm,5,example.com,17.86116699999951,515,True,status=200
2025-12-11 23:03:55.453810-05:00,DoH,google,warm,6,example.com,18.499750000000148,515,True,status=200
2025-12-11 23:03:55.472270-05:00,DoH,google,warm,7,example.com,18.267542000000248,515,True,status=200
2025-12-11 23:03:55.490269-05:00,DoH,google,warm,8,example.com,17.76754199999786,515,True,status=200
2025-12-11 23:03:55.510620-05:00,DoH,google,warm,9,example.com,20.16662500000166,515,True,status=200
2025-12-11 23:03:55.528322-05:00,DoH,google,warm,10,example.com,17.27491699999817,515,True,status=200
2025-12-11 23:03:55.546085-05:00,DoH,google,warm,11,example.com,17.61175000000037,515,True,status=200
2025-12-11 23:03:55.564750-05:00,DoH,google,warm,12,example.com,18.543291999996825,515,True,status=200
2025-12-11 23:03:55.582642-05:00,DoH,google,warm,13,example.com,17.687375000001282,515,True,status=200
2025-12-11 23:03:55.600764-05:00,DoH,google,warm,14,example.com,17.996750000001782,515,True,status=200
2025-12-11 23:03:55.620767-05:00,DoH,google,warm,15,example.com,19.699208000002244,515,True,status=200
2025-12-11 23:03:55.639273-05:00,DoH,google,warm,16,example.com,18.33445799999822,515,True,status=200
2025-12-11 23:03:55.658895-05:00,DoH,google,warm,17,example.com,19.466250000000684,515,True,status=200
2025-12-11 23:03:55.680206-05:00,DoH,google,warm,18,example.com,21.168832999997278,515,True,status=200
2025-12-11 23:03:55.703840-05:00,DoH,google,warm,19,example.com,23.435917000000472,515,True,status=200
2025-12-11 23:03:55.815317-05:00,DoH,google,warm,20,example.com,111.28158400000032,515,True,status=200
2025-12-11 23:03:55.838509-05:00,DoH,google,warm,21,example.com,20.22345800000025,515,True,status=200
2025-12-11 23:03:55.857343-05:00,DoH,google,warm,22,example.com,18.45291700000118,515,True,status=200
2025-12-11 23:03:55.875980-05:00,DoH,google,warm,23,example.com,18.470624999999075,515,True,status=200
2025-12-11 23:03:55.895697-05:00,DoH,google,warm,24,example.com,19.532707999999843,515,True,status=200
2025-12-11 23:03:55.913468-05:00,DoH,google,warm,25,example.com,17.617333000000457,515,True,status=200
2025-12-11 23:03:55.931884-05:00,DoH,google,warm,26,example.com,18.228499999999315,515,True,status=200
2025-12-11 23:03:55.952043-05:00,DoH,google,warm,27,example.com,19.931333000002383,515,True,status=200
2025-12-11 23:03:55.971910-05:00,DoH,google,warm,28,example.com,19.70525000000123,515,True,status=200
2025-12-11 23:03:55.992462-05:00,DoH,google,warm,29,example.com,19.868750000000546,515,True,status=200
2025-12-11 23:03:56.012075-05:00,DoH,google,warm,30,example.com,19.33075000000173,515,True,status=200
2025-12-11 23:03:56.032163-05:00,DoH,google,warm,31,example.com,19.898957999998856,515,True,status=200
2025-12-11 23:03:56.051558-05:00,DoH,google,warm,32,example.com,18.868417000000193,515,True,status=200
2025-12-11 23:03:56.083580-05:00,DoH,google,warm,33,example.com,31.72408300000029,515,True,status=200
2025-12-11 23:03:56.105690-05:00,DoH,google,warm,34,example.com,21.538542000001826,515,True,status=200
2025-12-11 23:03:56.196139-05:00,DoH,google,warm,35,example.com,90.08841699999692,515,True,status=200
2025-12-11 23:03:56.241835-05:00,DoH,google,warm,36,example.com,45.19904100000005,515,True,status=200
2025-12-11 23:03:56.345151-05:00,DoH,google,warm,37,example.com,103.00729200000092,515,True,status=200
2025-12-11 23:03:56.371103-05:00,DoH,google,warm,38,example.com,25.089499999999987,515,True,status=200
2025-12-11 23:03:56.428790-05:00,DoH,google,warm,39,example.com,57.422624999997396,515,True,status=200
2025-12-11 23:03:56.463996-05:00,DoH,google,warm,40,example.com,34.975875000000656,515,True,status=200
2025-12-11 23:03:56.488167-05:00,DoH,google,warm,41,example.com,23.89966600000193,515,True,status=200
2025-12-11 23:03:56.506989-05:00,DoH,google,warm,42,example.com,18.607875000000718,515,True,status=200
2025-12-11 23:03:56.528084-05:00,DoH,google,warm,43,example.com,20.937249999999352,515,True,status=200
2025-12-11 23:03:56.547931-05:00,DoH,google,warm,44,example.com,19.053083000002857,515,True,status=200
2025-12-11 23:03:56.596957-05:00,DoH,google,warm,45,example.com,48.875292000001735,515,True,status=200
2025-12-11 23:03:56.650984-05:00,DoH,google,warm,46,example.com,47.11125000000038,515,True,status=200
2025-12-11 23:03:56.671837-05:00,DoH,google,warm,47,example.com,20.574457999998685,515,True,status=200
2025-12-11 23:03:56.696362-05:00,DoH,google,warm,48,example.com,24.33066700000097,515,True,status=200
2025-12-11 23:03:56.716628-05:00,DoH,google,warm,49,example.com,20.112749999999124,515,True,status=200
2025-12-11 23:03:56.912729-05:00,DoH,google,rw,1,zoom.us,191.21083400000316,221,True,status=200
2025-12-11 23:03:56.947964-05:00,DoH,google,rw,2,nodejs.org,34.960667,293,True,status=200
2025-12-11 23:03:56.971272-05:00,DoH,google,rw,3,stackoverflow.com,23.141666000000782,243,True,status=200
2025-12-11 23:03:56.998718-05:00,DoH,google,rw,4,oracle.com,26.910541999999538,184,True,status=200
2025-12-11 23:03:57.024406-05:00,DoH,google,rw,5,reddit.com,25.307041000001362,386,True,status=200
2025-12-11 23:03:57.049190-05:00,DoH,google,rw,6,golang.org,24.29970800000092,228,True,status=200
2025-12-11 23:03:57.080015-05:00,DoH,google,rw,7,mit.edu,30.69116700000052,220,True,status=200
2025-12-11 23:03:57.144240-05:00,DoH,google,rw,8,github.com,63.985999999999876,224,True,status=200
2025-12-11 23:03:57.767371-05:00,DoH,google,rw,9,edf.fr,621.5400829999993,219,True,status=200
2025-12-11 23:03:57.889513-05:00,DoH,google,rw,10,openai.com,118.8650839999994,249,True,status=200
2025-12-11 23:03:57.913160-05:00,DoH,google,rw,11,yahoo.com,22.968791000000266,502,True,status=200
2025-12-11 23:03:57.934038-05:00,DoH,google,rw,12,cnn.com,20.646375000001882,359,True,status=200
2025-12-11 23:03:57.956778-05:00,DoH,google,rw,13,microsoft.com,22.10583300000124,260,True,status=200
2025-12-11 23:03:57.975082-05:00,DoH,google,rw,14,salesforce.com,18.089207999999246,665,True,status=200
2025-12-11 23:03:58.000329-05:00,DoH,google,rw,15,mozilla.org,25.080082999998865,188,True,status=200
2025-12-11 23:03:58.021978-05:00,DoH,google,rw,16,utoronto.ca,21.510041999999174,225,True,status=200
2025-12-11 23:03:58.044951-05:00,DoH,google,rw,17,abc.net.au,22.810624999998197,228,True,status=200
2025-12-11 23:03:58.073677-05:00,DoH,google,rw,18,python.org,28.54250000000036,382,True,status=200
2025-12-11 23:03:58.098269-05:00,DoH,google,rw,19,twitch.tv,24.253957999999187,385,True,status=200
2025-12-11 23:03:58.124218-05:00,DoH,google,rw,20,theguardian.com,25.151832999998902,415,True,status=200
2025-12-11 23:03:58.148278-05:00,DoH,google,rw,21,kakao.com,23.688957999997484,312,True,status=200
2025-12-11 23:03:58.170908-05:00,DoH,google,rw,22,google.com,22.31033300000007,564,True,status=200
2025-12-11 23:03:58.199647-05:00,DoH,google,rw,23,bbc.co.uk,28.40970799999809,377,True,status=200
2025-12-11 23:03:58.420175-05:00,DoH,google,rw,24,netflix.com,220.25962500000063,359,True,status=200
2025-12-11 23:03:58.473142-05:00,DoH,google,rw,25,sony.jp,52.229709000002345,343,True,status=200
2025-12-11 23:03:58.493047-05:00,DoH,google,rw,26,naver.com,19.68237500000214,384,True,status=200
2025-12-11 23:03:58.514994-05:00,DoH,google,rw,27,instagram.com,21.762875000000292,234,True,status=200
2025-12-11 23:03:58.535774-05:00,DoH,google,rw,28,nytimes.com,20.58845800000242,387,True,status=200
2025-12-11 23:03:58.560797-05:00,DoH,google,rw,29,amazon.com,24.58383300000122,314,True,status=200
2025-12-11 23:03:58.588375-05:00,DoH,google,rw,30,ubuntu.com,27.36929199999949,316,True,status=200
2025-12-11 23:03:58.640357-05:00,DoH,google,rw,31,espn.com,51.70179199999936,407,True,status=200
2025-12-11 23:03:58.675717-05:00,DoH,google,rw,32,wikipedia.org,34.20904100000044,233,True,status=200
2025-12-11 23:03:58.741099-05:00,DoH,google,rw,33,cloudflare.com,64.99820799999867,318,True,status=200
2025-12-11 23:03:58.760387-05:00,DoH,google,rw,34,ox.ac.uk,19.066167000001855,375,True,status=200
2025-12-11 23:03:58.939000-05:00,DoH,google,rw,35,gov.uk,178.42566699999907,410,True,status=200
2025-12-11 23:03:58.958077-05:00,DoH,google,rw,36,cam.ac.uk,18.845374999997944,181,True,status=200
2025-12-11 23:03:58.978656-05:00,DoH,google,rw,37,dropbox.com,20.360000000000156,188,True,status=200
2025-12-11 23:03:58.998257-05:00,DoH,google,rw,38,harvard.edu,19.402708999997742,186,True,status=200
2025-12-11 23:03:59.030576-05:00,DoH,google,rw,39,bing.com,32.13266699999906,247,True,status=200
2025-12-11 23:03:59.050713-05:00,DoH,google,rw,40,youtube.com,19.957542000000217,384,True,status=200
2025-12-11 23:03:59.073737-05:00,DoH,google,rw,41,quora.com,22.84854200000197,414,True,status=200
2025-12-11 23:03:59.092085-05:00,DoH,google,rw,42,spotify.com,18.181124999998133,188,True,status=200
2025-12-11 23:03:59.110687-05:00,DoH,google,rw,43,europa.eu,18.463457999999378,246,True,status=200
2025-12-11 23:03:59.158671-05:00,DoH,google,rw,44,ebay.com,47.8387079999969,240,True,status=200
2025-12-11 23:03:59.181222-05:00,DoH,google,rw,45,cisco.com,22.104875000000135,183,True,status=200
2025-12-11 23:03:59.202501-05:00,DoH,google,rw,46,kubernetes.io,20.7638750000001,261,True,status=200
2025-12-11 23:03:59.224473-05:00,DoH,google,rw,47,auckland.ac.nz,21.44999999999797,406,True,status=200
2025-12-11 23:03:59.480868-05:00,DoH,google,rw,48,apple.com,255.77041599999717,184,True,status=200
2025-12-11 23:03:59.593990-05:00,DoH,google,rw,49,tu-berlin.de,112.92445800000195,490,True,status=200
2025-12-11 23:03:59.612020-05:00,DoH,google,rw,50,imgur.com,17.751000000000516,256,True,status=200
2025-12-11 23:03:59.697993-05:00,DoT,cloudflare,n/a,0,example.com,82.66754199999937,,True,
2025-12-11 23:03:59.738448-05:00,DoT,cloudflare,n/a,1,example.com,40.08045800000204,,True,
2025-12-11 23:03:59.817167-05:00,DoT,cloudflare,n/a,2,example.com,78.32545799999835,,True,
2025-12-11 23:04:00.051008-05:00,DoT,cloudflare,n/a,3,example.com,233.5631669999998,,True,
2025-12-11 23:04:00.123660-05:00,DoT,cloudflare,n/a,4,example.com,72.35008399999998,,True,
2025-12-11 23:04:00.166078-05:00,DoT,cloudflare,n/a,5,example.com,42.13550000000055,,True,
2025-12-11 23:04:00.239068-05:00,DoT,cloudflare,n/a,6,example.com,72.38270899999932,,True,
2025-12-11 23:04:00.314519-05:00,DoT,cloudflare,n/a,7,example.com,75.12558299999839,,True,
2025-12-11 23:04:00.355649-05:00,DoT,cloudflare,n/a,8,example.com,40.845999999998384,,True,
2025-12-11 23:04:00.396565-05:00,DoT,cloudflare,n/a,9,example.com,40.647290999999086,,True,
2025-12-11 23:04:00.437694-05:00,DoT,cloudflare,n/a,10,example.com,40.80779200000251,,True,
2025-12-11 23:04:00.479222-05:00,DoT,cloudflare,n/a,11,example.com,41.076500000002625,,True,
2025-12-11 23:04:00.520319-05:00,DoT,cloudflare,n/a,12,example.com,40.82479200000222,,True,
2025-12-11 23:04:00.561531-05:00,DoT,cloudflare,n/a,13,example.com,40.87224999999961,,True,
2025-12-11 23:04:00.602857-05:00,DoT,cloudflare,n/a,14,example.com,41.02241699999709,,True,
2025-12-11 23:04:00.644062-05:00,DoT,cloudflare,n/a,15,example.com,40.94641700000068,,True,
2025-12-11 23:04:00.685242-05:00,DoT,cloudflare,n/a,16,example.com,40.8924579999983,,True,
2025-12-11 23:04:00.725894-05:00,DoT,cloudflare,n/a,17,example.com,40.32954100000197,,True,
2025-12-11 23:04:00.802655-05:00,DoT,cloudflare,n/a,18,example.com,76.39541600000044,,True,
2025-12-11 23:04:00.844073-05:00,DoT,cloudflare,n/a,19,example.com,41.10116700000077,,True,
2025-12-11 23:04:00.885341-05:00,DoT,cloudflare,n/a,20,example.com,40.90887499999951,,True,
2025-12-11 23:04:00.929463-05:00,DoT,cloudflare,n/a,21,example.com,43.590374999997294,,True,
2025-12-11 23:04:00.970733-05:00,DoT,cloudflare,n/a,22,example.com,40.93537500000011,,True,
2025-12-11 23:04:01.012180-05:00,DoT,cloudflare,n/a,23,example.com,41.162292000002765,,True,
2025-12-11 23:04:01.053981-05:00,DoT,cloudflare,n/a,24,example.com,41.45583300000055,,True,
2025-12-11 23:04:01.091861-05:00,DoT,cloudflare,n/a,25,example.com,37.46329099999812,,True,
2025-12-11 23:04:01.168171-05:00,DoT,cloudflare,n/a,26,example.com,76.06900000000039,,True,
2025-12-11 23:04:01.238002-05:00,DoT,cloudflare,n/a,27,example.com,69.3906670000004,,True,
2025-12-11 23:04:01.371311-05:00,DoT,cloudflare,n/a,28,example.com,131.9675000000018,,True,
2025-12-11 23:04:01.449670-05:00,DoT,cloudflare,n/a,29,example.com,77.98504200000167,,True,
2025-12-11 23:04:01.488980-05:00,DoT,cloudflare,n/a,30,example.com,38.966874999999845,,True,
2025-12-11 23:04:01.529558-05:00,DoT,cloudflare,n/a,31,example.com,40.294582999997886,,True,
2025-12-11 23:04:01.604690-05:00,DoT,cloudflare,n/a,32,example.com,74.72420799999924,,True,
2025-12-11 23:04:01.681621-05:00,DoT,cloudflare,n/a,33,example.com,76.62766700000034,,True,
2025-12-11 23:04:01.759340-05:00,DoT,cloudflare,n/a,34,example.com,77.22758300000265,,True,
2025-12-11 23:04:01.800772-05:00,DoT,cloudflare,n/a,35,example.com,41.102124999998324,,True,
2025-12-11 23:04:01.877204-05:00,DoT,cloudflare,n/a,36,example.com,76.16641599999951,,True,
2025-12-11 23:04:01.918285-05:00,DoT,cloudflare,n/a,37,example.com,40.76308300000164,,True,
2025-12-11 23:04:01.961832-05:00,DoT,cloudflare,n/a,38,example.com,42.61424999999974,,True,
2025-12-11 23:04:02.041710-05:00,DoT,cloudflare,n/a,39,example.com,79.51575000000233,,True,
2025-12-11 23:04:02.211192-05:00,DoT,cloudflare,n/a,40,example.com,169.14425000000222,,True,
2025-12-11 23:04:02.303685-05:00,DoT,cloudflare,n/a,41,example.com,88.8638749999977,,True,
2025-12-11 23:04:02.394902-05:00,DoT,cloudflare,n/a,42,example.com,90.2009580000005,,True,
2025-12-11 23:04:02.475399-05:00,DoT,cloudflare,n/a,43,example.com,79.08562500000116,,True,
2025-12-11 23:04:02.520168-05:00,DoT,cloudflare,n/a,44,example.com,44.3197909999995,,True,
2025-12-11 23:04:02.595447-05:00,DoT,cloudflare,n/a,45,example.com,75.00595899999851,,True,
2025-12-11 23:04:02.669985-05:00,DoT,cloudflare,n/a,46,example.com,74.24158299999917,,True,
2025-12-11 23:04:02.752484-05:00,DoT,cloudflare,n/a,47,example.com,81.42729200000076,,True,
2025-12-11 23:04:02.794445-05:00,DoT,cloudflare,n/a,48,example.com,41.573207999999084,,True,
2025-12-11 23:04:02.872457-05:00,DoT,cloudflare,n/a,49,example.com,77.58537499999818,,True,
2025-12-11 23:04:02.952375-05:00,DoT,google,n/a,0,example.com,79.12312499999885,,True,
2025-12-11 23:04:03.050714-05:00,DoT,google,n/a,1,example.com,97.78599999999926,,True,
2025-12-11 23:04:03.371040-05:00,DoT,google,n/a,2,example.com,319.62400000000105,,True,
2025-12-11 23:04:03.527337-05:00,DoT,google,n/a,3,example.com,155.00295800000075,,True,
2025-12-11 23:04:03.603324-05:00,DoT,google,n/a,4,example.com,75.1436250000026,,True,
2025-12-11 23:04:03.675154-05:00,DoT,google,n/a,5,example.com,71.42266700000022,,True,
2025-12-11 23:04:03.804128-05:00,DoT,google,n/a,6,example.com,127.66266699999562,,True,
2025-12-11 23:04:04.026182-05:00,DoT,google,n/a,7,example.com,221.6077080000005,,True,
2025-12-11 23:04:04.107724-05:00,DoT,google,n/a,8,example.com,79.82937499999565,,True,
2025-12-11 23:04:04.182350-05:00,DoT,google,n/a,9,example.com,74.30304200000393,,True,
2025-12-11 23:04:04.257109-05:00,DoT,google,n/a,10,example.com,74.34062500000493,,True,
2025-12-11 23:04:04.336018-05:00,DoT,google,n/a,11,example.com,78.17350000000545,,True,
2025-12-11 23:04:04.407010-05:00,DoT,google,n/a,12,example.com,70.64645900000244,,True,
2025-12-11 23:04:04.479729-05:00,DoT,google,n/a,13,example.com,72.3254589999982,,True,
2025-12-11 23:04:04.560458-05:00,DoT,google,n/a,14,example.com,79.86654199999776,,True,
2025-12-11 23:04:04.633791-05:00,DoT,google,n/a,15,example.com,72.40158299999422,,True,
2025-12-11 23:04:04.712140-05:00,DoT,google,n/a,16,example.com,77.82983300000268,,True,
2025-12-11 23:04:04.790875-05:00,DoT,google,n/a,17,example.com,78.32308299999369,,True,
2025-12-11 23:04:04.870165-05:00,DoT,google,n/a,18,example.com,78.41945799999905,,True,
2025-12-11 23:04:04.947830-05:00,DoT,google,n/a,19,example.com,77.441333000003,,True,
2025-12-11 23:04:05.025286-05:00,DoT,google,n/a,20,example.com,77.16933399999704,,True,
2025-12-11 23:04:05.103483-05:00,DoT,google,n/a,21,example.com,77.91420899999935,,True,
2025-12-11 23:04:05.178198-05:00,DoT,google,n/a,22,example.com,74.50324999999935,,True,
2025-12-11 23:04:05.273950-05:00,DoT,google,n/a,23,example.com,94.96425000000386,,True,
2025-12-11 23:04:05.352441-05:00,DoT,google,n/a,24,example.com,77.97245900000149,,True,
2025-12-11 23:04:05.427871-05:00,DoT,google,n/a,25,example.com,74.97158299999995,,True,
2025-12-11 23:04:05.501491-05:00,DoT,google,n/a,26,example.com,73.3219589999976,,True,
2025-12-11 23:04:05.575588-05:00,DoT,google,n/a,27,example.com,73.80125000000248,,True,
2025-12-11 23:04:05.653997-05:00,DoT,google,n/a,28,example.com,78.07608400000277,,True,
2025-12-11 23:04:05.732691-05:00,DoT,google,n/a,29,example.com,78.33924999999908,,True,
2025-12-11 23:04:05.810927-05:00,DoT,google,n/a,30,example.com,77.9108750000006,,True,
2025-12-11 23:04:05.889046-05:00,DoT,google,n/a,31,example.com,77.82254199999983,,True,
2025-12-11 23:04:05.963707-05:00,DoT,google,n/a,32,example.com,73.95324999999531,,True,
2025-12-11 23:04:06.075557-05:00,DoT,google,n/a,33,example.com,111.24591699999797,,True,
2025-12-11 23:04:06.153196-05:00,DoT,google,n/a,34,example.com,75.57383299999998,,True,
2025-12-11 23:04:06.228229-05:00,DoT,google,n/a,35,example.com,74.61854199999607,,True,
2025-12-11 23:04:06.305484-05:00,DoT,google,n/a,36,example.com,76.90570799999819,,True,
2025-12-11 23:04:06.436385-05:00,DoT,google,n/a,37,example.com,130.59162499999388,,True,
2025-12-11 23:04:06.514791-05:00,DoT,google,n/a,38,example.com,78.12024999999778,,True,
2025-12-11 23:04:06.588628-05:00,DoT,google,n/a,39,example.com,73.44316700000064,,True,
2025-12-11 23:04:06.658972-05:00,DoT,google,n/a,40,example.com,69.95279200000226,,True,
2025-12-11 23:04:06.738070-05:00,DoT,google,n/a,41,example.com,78.72512499999829,,True,
2025-12-11 23:04:06.818480-05:00,DoT,google,n/a,42,example.com,80.03604199999614,,True,
2025-12-11 23:04:06.897071-05:00,DoT,google,n/a,43,example.com,78.27362500000135,,True,
2025-12-11 23:04:06.975106-05:00,DoT,google,n/a,44,example.com,77.77300000000054,,True,
2025-12-11 23:04:07.054194-05:00,DoT,google,n/a,45,example.com,78.75212500000117,,True,
2025-12-11 23:04:07.132559-05:00,DoT,google,n/a,46,example.com,78.00158299999538,,True,
2025-12-11 23:04:07.210305-05:00,DoT,google,n/a,47,example.com,77.33499999999793,,True,
2025-12-11 23:04:07.286718-05:00,DoT,google,n/a,48,example.com,76.05804199999966,,True,
2025-12-11 23:04:07.365053-05:00,DoT,google,n/a,49,example.com,77.98770899999852,,True,